"","V1","V2","V3","V4","V5","V6","V7","V8","V9","V10","V11","V12","V13","V14","V15","V16","V17","V18","V19","V20","V21","V22","V23","V24","V25","V26","V27","V28","V29","V30","V31","V32","V33","V34","V35","V36","V37","V38","V39","V40","V41","V42","V43","V44","V45","V46","V47","V48","V49","V50","V51","V52","V53","V54","V55","V56","V57","V58","V59","V60","V61","V62","V63","V64","V65","V66","V67","V68","V69","V70","V71","V72","V73","V74","V75","V76","V77","V78","V79","V80","V81","V82","V83","V84","V85","V86","V87","V88","V89","V90","V91","V92","V93","V94","V95","V96","V97","V98","V99","V100","V101","V102","V103","V104","V105","V106","V107","V108","V109","V110","V111","V112","V113","V114","V115","V116","V117","V118","V119","V120","V121","V122","V123","V124","V125","V126","V127","V128","V129","V130","V131","V132","V133","V134","V135","V136","V137","V138","V139"
"A",4,65,0,5,40,270,73,148,2897,178,41,42,8,21,81,1192,110,20,12,43,123,158,5671,6401,177,91,38,70,16,50,73,357,2689,68,133,8,54,13,199,6503,97,30,4,19,17,393,3,100,1470,1088,217,23,341,83,243,53,46,600,127,332,5494,93,576,537,7,10,4,8,27,34,142,1029,38,147,2121,121,24,100,1909,11,237,17,6,14,24,87,1483,5688,1146,1138,1553,6495,1282,456,113,1525,6322,1418,557,613,711,851,786,717,785,451,560,494,299,240,252,76,57,93,81,42,12,16,9,10,21,29,18,3,22,3,5,2,1,0,0,1,0,0,0,0,0,0,1
"R",1,5,34,55,21,8,11,56,16,24,33,16,68,34,64,1425,5,264,4595,114,4,67,32,4,8,43,39,61,39,537,427,60,169,121,304,75,290,8068,117,1326,22,29,68,146,176,8,42,42,31,615,63,452,83,142,66,221,81,99,326,142,19,18,37,18,168,1492,6027,1273,452,81,370,5064,35,460,76,56,59,24,43,32,90,58,98,301,362,440,5877,14,3,11,13,0,23,1,8,47,1340,3846,1497,1247,1029,730,498,460,464,384,322,277,208,229,226,146,106,129,57,106,71,45,50,8,8,0,1,1,0,3,0,0,0,0,0,0,0,0,0,0,0,0,0
"N",0,0,0,0,0,0,0,0,0,1,3,35,53,0,0,2,22,2,35,6,17,2,22,0,2,4,7,48,8,74,476,233,93,33,1163,3,68,6,17,1,3,1,36,6,7,17,1,22,14,411,76,1693,86,895,343,340,1548,1101,1374,1137,145,990,17,9,29,16,10,13,33,25,15,46,496,4339,58,1411,4350,1204,347,66,6,25,351,4188,67,653,65,10,8,1,14,8,8,5,3,0,0,123,104,107,230,183,256,178,216,217,206,186,198,146,116,104,49,51,18,9,11,15,0,0,1,0,0,0,3,0,14,0,0,0,0,0,0,0,0,0,0,0,0
"D",25,0,0,0,6,50,0,4,20,41,2,5,2,1,4,36,5,0,2,9,1,2,24,84,28,18,100,1,13,365,722,123,277,11,26,1,7,0,2,56,4,1,9,0,7,73,4,17,12,38,21,203,137,1591,528,393,511,177,99,127,500,4248,7,3,6,30,3,7,6,9,48,1432,6230,1275,463,503,94,3,19,23,1,22,14,19,5,6,32,411,2118,6434,1271,453,78,53,34,8,9,198,2111,335,577,601,640,567,720,852,919,1011,962,1100,877,878,859,651,484,370,268,253,76,55,25,18,43,0,7,0,24,1,0,0,0,0,0,0,0,0,0,0,0
"C",0,0,0,1,1,7,33,22,13,18,11,3,0,2,18,4,23,1,4,17,300,9195,1,15,32,33,144,9,123,43,36,35,46,22,58,64,21,36,6,4,0,17,0,6,1,9,103,13,20,27,5,17,43,25,42,56,11,9,17,14,2,6,6,51,10,66,14,26,0,3,0,1,1,0,3,1,1,16,2,26,1,1,9,0,11,0,2,0,15,0,4,1,8,50,1519,6445,1260,456,109,75,71,86,178,73,130,143,130,132,67,59,53,17,37,31,7,28,12,4,3,0,0,1,0,2,0,0,1,0,0,0,0,0,0,0,0,0,0,0,0
"Q",5337,275,9100,77,2318,2974,0,1,3,5,15,197,3731,9,13,557,2,12,84,1,1,6,90,3,1,6,0,9,0,5,3,14,6,9,26,12,12,253,7835,63,1329,67,1670,2,26,14,1,1,6,4,1,25,408,2,12,8,1,20,2,3,79,1639,20,83,2049,36,312,2,2,0,12,0,3,4,9,39,1091,65,1254,15,414,4697,17,427,56,6,1,2,1,0,1,0,2,5,1,0,6,37,206,425,271,138,208,182,163,127,201,226,483,619,784,1100,892,1019,800,757,700,563,466,370,271,264,68,54,24,14,42,0,0,0,39,0,0,0,0,0,0,0,0
"E",4220,21,18,5,165,6177,0,11,87,1966,15,39,22,9,76,2144,0,3,8,0,0,5,61,6,4,36,2,0,1,12,84,7,10,0,9,13,1,0,22,7,4,6,23,29,243,7461,65,1268,53,807,39,6,13,121,15,24,469,82,13,16,213,57,15,15,20,12,4,18,4,0,9,147,75,401,20,14,6,9,3,2,58,1650,3,5,1,5,12,335,5427,75,453,72,1,2,0,5,16,127,622,293,334,223,233,180,171,196,161,125,86,83,85,22,36,1,11,12,5,5,1,0,0,0,0,0,0,0,0,0,0,0,0,0,0,0,0,0,0,0,0
"G",17,45,11,16,49,43,278,9556,5146,7138,63,40,14,223,7100,3523,5,24,77,18,8,136,48,447,272,9375,2576,14,37,260,1193,472,1449,51,535,147,859,49,6,43,260,8152,326,9279,74,1477,245,271,3685,1204,1110,140,1143,722,4501,3272,1706,343,530,4,96,56,8,109,413,6334,59,460,15,6,27,15,21,6,1,3,40,3,13,1,8,27,8,15,46,5,81,87,20,10,12,22,16,26,11,30,81,848,1293,1417,1351,1257,1443,1552,1421,1356,1415,1500,1448,1774,2027,2121,2490,2003,2098,1817,1455,1318,975,800,687,358,316,111,82,68,18,42,0,38,0,39,0,0,1,0,2,0,0
"H",60,8,83,2,35,6,1,1,1,0,0,6,30,107,0,1,2,3,5,21,18,2,6,2,29,2,17,27,2,16,37,120,45,85,2223,0,6,10,55,11,41,228,23,0,1,1,5,1,0,33,9,105,789,65,88,21,20,12,37,53,13,35,7,3,18,7,120,1,2,6,1,1,5,11,0,6,23,7,6,20,8,10,3,36,9,2,1,0,3,2,0,0,1,5,39,19,25,18,288,323,176,68,55,59,138,152,106,129,141,104,90,61,90,42,16,3,0,3,11,0,1,0,0,0,0,0,0,0,0,0,0,0,0,0,0,0,0,0,0
"I",2,109,0,1,0,0,0,0,0,0,7,149,0,0,0,0,7,12,63,480,9,4,8,61,0,3,41,67,1197,97,65,10,71,1469,36,37,1180,31,1247,17,5,3,3,11,19,13,30,1079,110,1755,7534,646,1229,581,28,51,68,1428,109,4,6,9,21,14,21,1,26,79,1379,5333,1384,455,84,8,35,860,13,14,8,107,9,2,47,12,21,9,19,12,1,25,13,3,52,0,11,8,5,51,129,409,269,499,344,393,260,265,273,224,200,205,229,138,79,154,66,23,65,30,20,23,0,1,6,0,2,10,0,0,0,1,0,0,0,0,0,0,0,0,0
"L",16,806,291,9447,1223,12,26,1,20,170,6272,840,17,58,11,14,233,7652,195,7105,12,11,6,18,7,9,149,29,510,12,31,89,22,303,21,85,128,78,76,41,17,3,16,251,7971,70,1456,134,38,339,84,140,36,11,8,3,16,51,5,2,10,39,1099,324,1227,36,43,62,232,56,12,1,10,8,9,24,12,360,4330,1465,5059,2394,2191,1130,432,6430,17,445,1,5,2,51,465,11,3,16,28,89,384,936,565,483,535,519,414,478,338,391,462,368,344,489,577,699,912,785,823,590,682,505,340,277,207,96,80,43,14,17,4,0,0,0,0,28,0,0,0,0,0
"K",0,1,41,4,193,23,0,3,0,7,79,2062,5461,0,3,30,2,70,1840,0,3,58,1849,0,0,0,0,3,0,10,5,13,14,11,20,2,5,5,71,9,28,195,6285,61,1219,27,9,7,1,22,30,652,26,459,8,22,101,1472,329,20,5,112,1679,1420,4353,1241,452,64,14,4,10,17,248,743,1442,4361,1306,441,72,52,1066,107,1039,44,3,39,447,14,437,3,19,7,7,0,1,2,69,1791,162,218,226,144,165,184,128,133,136,56,75,40,82,94,21,21,15,42,17,0,2,1,1,1,0,0,1,0,0,0,0,0,0,0,0,0,0,0,0,0,0
"M",1,18,2,36,5,0,0,0,0,1,25,20,23,0,0,2,2,73,23,6,24,0,16,0,0,0,1,0,5,3,1,5,153,5226,5,1,4,2,26,392,10,0,15,2,57,21,88,1986,1,19,254,7,6,4,2,4,1,12,2,0,0,0,18,26,9,0,2,10,134,984,17,14,3,27,4,20,0,35,22,75,1697,343,4267,217,457,29,227,9,0,0,5,32,420,1,0,4,15,21,83,90,124,200,110,154,116,191,100,52,117,153,160,181,310,264,228,280,330,151,85,145,59,50,57,28,16,17,0,0,0,0,0,0,0,0,0,0,0,0,0
"F",0,12,1,6,22,0,12,0,0,2,24,39,0,3,0,12,17,14,9,32,29,73,4,184,40,135,4800,260,7233,4,13,89,7,11,39,8,184,2,4,8,0,10,0,0,9,6,11,92,5,149,108,24,16,76,552,4,24,1,13,56,2,7,86,1761,2,9,327,4268,21,444,4,10,8,4,12,8,34,1074,70,1150,6,53,10,15,1,2,2,3,0,1,0,2,12,40,50,14,3,8,116,236,289,255,348,543,525,557,777,664,780,615,614,534,292,290,256,131,89,52,21,17,7,1,1,1,0,6,1,5,0,0,0,0,0,0,0,0,0,0,0
"P",5,14,157,70,42,51,81,34,1570,2,16,20,330,9298,31,38,125,32,39,194,318,9,178,51,278,2,23,655,29,82,25,20,17,42,123,5,4,39,235,1360,7751,1090,1337,5,44,0,2,2,20,7,3,72,1738,8,23,5,58,20,23,79,1116,518,1185,14,239,2,6,7,22,12,32,5,5,9,82,17,7,49,15,2,5,5,14,4,1,11,6,33,207,12,74,6,0,1,1,8,0,17,361,687,616,607,287,407,275,422,417,473,396,431,383,225,231,129,76,100,38,74,17,26,14,27,1,3,1,2,0,0,0,0,0,1,0,0,0,0,0,0,0
"S",0,6,7,6,14,257,8564,21,101,36,19,22,11,112,2266,818,6880,93,2530,223,6596,59,225,335,8197,28,243,2778,264,6896,6201,1183,1792,186,3882,68,507,67,36,58,130,81,9,70,43,9,48,122,3081,824,256,4170,1948,3603,2061,5163,2023,1022,379,191,637,1626,4675,1286,1289,167,1175,51,159,1520,4729,1212,507,1396,4367,1351,2516,2145,1188,99,1067,57,1158,3457,7128,1073,579,1781,431,13,33,35,9,18,52,36,55,374,562,808,1157,1112,1039,1228,1135,1306,915,493,459,206,229,294,192,267,343,577,1017,1303,1822,1964,2002,1929,1676,1608,1372,1073,867,652,542,329,122,78,42,58,42,0,0,38,38
"T",3,8,212,0,4,1,24,2,39,112,6,75,187,83,216,82,2402,16,357,70,2388,46,1595,18,34,4,178,5913,78,1470,309,24,126,40,145,2,33,3,33,41,283,14,149,8,25,0,2,16,27,69,49,86,255,96,212,135,2338,3036,1405,473,34,50,134,30,43,34,116,1482,6428,1353,2139,466,1155,1122,1248,1181,414,4411,27,324,11,4,294,53,267,1105,99,1087,68,2025,6467,1287,474,267,14,4,94,272,592,571,475,455,738,600,531,467,426,413,384,407,621,808,1034,1493,1521,1889,2013,1868,1982,1547,1524,1329,991,913,586,343,328,93,110,67,17,41,39,11,0,39,0,1,0
"W",0,1,2,1,10,27,800,15,0,4,59,12,0,1,25,35,1,2,0,0,1,111,5,1,9,8,29,3,12,5,8,50,1140,1137,304,9052,66,1296,0,11,5,27,14,36,13,249,7650,69,1330,785,24,358,398,4,154,15,13,23,60,6,1,0,1,8,1,1,52,0,13,1,0,0,0,1,0,0,0,0,0,1,2,26,425,0,0,1,1,1,0,0,2,1,13,0,15,53,24,33,58,186,213,345,468,400,685,497,755,881,982,1306,1026,1159,953,873,821,576,514,374,296,268,68,54,25,22,42,6,0,0,38,0,0,0,0,0,0,0,0,0,0
"Y",0,0,0,0,1,5,43,0,0,0,1,0,0,0,1,6,63,0,30,14,115,10,8,27,837,59,1434,20,15,17,250,7059,1843,1025,926,0,1,0,1,0,2,5,2,0,1,9,70,8,25,630,36,1153,1222,1480,1037,156,941,469,5105,7324,1204,475,79,19,1,0,7,3,9,7,21,10,39,27,42,16,5,19,418,6299,37,453,8,14,12,3,15,22,13,26,16,59,1574,7987,7669,1699,513,93,191,428,780,1079,1066,992,909,1255,1391,1798,1796,1635,1398,1103,946,769,591,278,243,112,102,70,21,13,10,11,5,0,0,26,0,0,0,0,0,0,0,0,0,0,0
"V",275,8572,7,234,5817,55,20,91,53,261,3275,6344,10,6,58,46,62,1675,60,1615,1,14,119,2311,15,127,162,18,410,34,33,29,23,142,14,414,6567,39,9,46,6,38,8,66,44,140,162,4747,68,1171,78,25,80,29,74,51,21,20,42,14,421,19,327,4267,92,503,1238,2163,1045,119,1025,72,1034,9,5,5,2,18,251,227,215,46,35,46,1094,91,1031,43,98,216,45,1463,5552,1069,453,74,132,177,572,593,533,681,600,609,811,548,449,463,445,268,392,437,704,896,1403,1842,1818,2305,1909,1945,1652,1435,1277,1000,774,654,348,327,93,70,67,17,42,0,38,0,37,0,0
"U",0,0,0,0,0,0,0,0,0,0,0,0,0,0,0,0,0,0,0,0,0,0,0,0,0,0,0,0,0,0,0,0,0,0,0,0,0,0,0,0,0,0,0,0,0,0,0,0,0,0,0,0,0,0,0,0,0,0,0,0,0,0,0,0,0,0,0,0,0,0,0,0,0,0,0,0,0,0,0,0,0,0,0,0,0,0,0,0,0,0,0,0,0,0,0,0,0,0,0,0,0,0,0,0,0,0,0,0,0,0,0,0,0,0,0,0,0,0,0,0,0,0,0,0,0,0,0,0,0,0,0,0,0,0,0,0,0,0,0
"O",0,0,0,0,0,0,0,0,0,0,0,0,0,0,0,0,0,0,0,0,0,0,0,0,0,0,0,0,0,0,0,0,0,0,0,0,0,0,0,0,0,0,0,0,0,0,0,0,0,0,0,0,0,0,0,0,0,0,0,0,0,0,0,0,0,0,0,0,0,0,0,0,0,0,0,0,0,0,0,0,0,0,0,0,0,0,0,0,0,0,0,0,0,0,0,0,0,0,0,0,0,0,0,0,0,0,0,0,0,0,0,0,0,0,0,0,0,0,0,0,0,0,0,0,0,0,0,0,0,0,0,0,0,0,0,0,0,0,0
"B",0,0,0,0,0,0,0,0,0,0,0,0,0,0,0,0,0,0,0,0,0,0,0,0,0,0,0,0,0,0,0,0,0,0,0,0,0,0,0,0,0,0,0,0,0,0,0,0,0,0,0,0,0,0,0,0,0,0,0,0,0,0,0,0,0,0,0,0,0,0,0,0,0,0,0,0,0,0,0,0,0,0,0,0,0,0,0,0,0,0,0,0,0,0,0,0,0,0,0,0,0,0,0,0,0,0,0,0,0,0,0,0,0,0,0,0,0,0,0,0,0,0,0,0,0,0,0,0,0,0,0,0,0,0,0,0,0,0,0
"J",0,0,0,0,0,0,0,0,0,0,0,0,0,0,0,0,0,0,0,0,0,0,0,0,0,0,0,0,0,0,0,0,0,0,0,0,0,0,0,0,0,0,0,0,0,0,0,0,0,0,0,0,0,0,0,0,0,0,0,0,0,0,0,0,0,0,0,0,0,0,0,0,0,0,0,0,0,0,0,0,0,0,0,0,0,0,0,0,0,0,0,0,0,0,0,0,0,0,0,0,0,0,0,0,0,0,0,0,0,0,0,0,0,0,0,0,0,0,0,0,0,0,0,0,0,0,0,0,0,0,0,0,0,0,0,0,0,0,0
"Z",0,0,0,0,0,0,0,0,0,0,0,0,0,0,0,0,0,0,0,0,0,0,0,0,0,0,0,0,0,0,0,0,0,0,0,0,0,0,0,0,0,0,0,0,0,0,0,0,0,0,0,0,0,0,0,0,0,0,0,0,0,0,0,0,0,0,0,0,0,0,0,0,0,0,0,0,0,0,0,0,0,0,0,0,0,0,0,0,0,0,0,0,0,0,0,0,0,0,0,0,0,0,0,0,0,0,0,0,0,0,0,0,0,0,0,0,0,0,0,0,0,0,0,0,0,0,0,0,0,0,0,0,0,0,0,0,0,0,0
"X",0,0,0,0,0,0,0,0,0,0,0,0,0,0,0,0,0,0,0,0,0,0,0,0,0,0,0,0,0,0,0,0,0,0,0,0,0,0,0,0,0,0,0,0,0,0,0,0,0,0,0,0,0,0,0,0,0,0,0,0,0,0,0,0,0,0,0,0,0,0,0,0,0,0,0,0,0,0,0,0,0,0,0,0,0,0,0,0,0,0,0,0,0,0,0,0,0,0,0,0,0,0,0,0,0,0,0,0,0,0,0,0,0,0,0,0,0,0,0,0,0,0,0,0,0,0,0,0,0,0,0,0,0,0,0,0,0,0,0
"*",0,0,0,0,0,0,0,0,0,0,0,0,0,0,0,0,0,0,0,0,0,0,0,0,0,0,0,0,0,0,0,0,0,0,0,0,0,0,0,0,0,0,0,0,0,0,0,0,0,0,0,0,0,0,0,0,0,0,0,0,0,0,0,0,0,0,0,0,0,0,0,0,0,0,0,0,0,0,0,0,0,0,0,0,0,0,0,0,0,0,0,0,0,0,0,0,0,0,0,0,0,0,0,0,0,0,0,0,0,0,0,0,0,0,0,0,0,0,0,0,0,0,0,0,0,0,0,0,0,0,0,0,0,0,0,0,0,0,0
"-",31,31,31,31,31,31,31,31,31,31,31,31,30,30,30,30,29,29,29,29,29,29,29,29,27,14,14,12,5,5,5,5,5,5,5,0,0,0,0,0,0,0,0,0,0,0,0,0,0,0,0,0,0,0,0,0,0,0,0,0,0,0,0,0,0,0,0,0,0,0,0,0,0,0,0,0,0,0,0,0,0,0,0,0,0,0,0,0,0,0,0,0,0,0,0,0,0,0,0,0,0,0,0,0,0,0,0,9,9,9,9,10,42,122,193,330,496,916,1468,2243,3295,4210,5300,6144,6980,7755,8335,8832,9209,9492,9752,9820,9874,9900,9916,9958,9958,9958,9958
"+",0,0,0,0,0,0,0,0,0,0,0,0,0,0,0,0,0,0,0,0,0,0,0,0,0,0,0,0,0,0,0,0,0,0,0,0,0,0,0,0,0,0,0,0,0,0,0,0,0,0,0,0,0,0,0,0,0,0,0,0,0,0,0,0,0,0,0,0,0,0,0,0,0,0,0,0,0,0,0,0,0,0,0,0,0,0,0,0,0,0,0,0,0,0,0,0,0,0,0,0,0,0,0,0,0,0,0,0,0,0,0,0,0,0,0,0,0,0,0,0,0,0,0,0,0,0,0,0,0,0,0,0,0,0,0,0,0,0,0
".",0,0,0,0,0,0,0,0,0,0,0,0,0,0,0,0,0,0,0,0,0,0,0,0,0,0,0,0,0,0,0,0,0,0,0,0,0,0,0,0,0,0,0,0,0,0,0,0,0,0,0,0,0,0,0,0,0,0,0,0,0,0,0,0,0,0,0,0,0,0,0,0,0,0,0,0,0,0,0,0,0,0,0,0,0,0,0,0,0,0,0,0,0,0,0,0,0,0,0,0,0,0,0,0,0,0,0,0,0,0,0,0,0,0,0,0,0,0,0,0,0,0,0,0,0,0,0,0,0,0,0,0,0,0,0,0,0,0,0
