"","V1","V2","V3","V4","V5","V6","V7","V8","V9","V10","V11","V12","V13","V14","V15","V16","V17","V18","V19","V20","V21","V22","V23","V24","V25","V26","V27","V28","V29","V30","V31","V32","V33","V34","V35","V36","V37","V38","V39","V40","V41","V42","V43","V44","V45","V46","V47","V48","V49","V50","V51","V52","V53","V54","V55","V56","V57","V58","V59","V60","V61","V62","V63","V64","V65","V66","V67","V68","V69","V70","V71","V72","V73","V74","V75","V76","V77","V78","V79","V80","V81","V82","V83","V84","V85","V86","V87","V88","V89","V90","V91","V92","V93","V94","V95","V96","V97","V98","V99","V100","V101","V102","V103","V104","V105","V106","V107","V108","V109","V110","V111","V112","V113","V114","V115","V116","V117","V118","V119","V120","V121","V122","V123","V124","V125","V126","V127","V128","V129","V130","V131","V132","V133","V134"
"A",0,0,1,1,2,6,22,289,409,299,896,283,1753,141,319,1841,524,1297,215,1800,73,131,1007,1090,482,1149,2328,4105,70,292,783,323,256,66,92,168,668,26,250,46,39,34,9,767,25,34,19,301,58,98,15,65,2349,327,24,69,45,218,568,128,516,457,654,21,608,150,766,1532,352,1337,498,2051,272,767,874,1030,225,424,2913,506,1265,195,1832,85,57,792,448,173,81,285,1135,1047,398,1744,481,4391,997,933,2161,703,3639,284,712,1173,790,690,580,638,581,675,620,508,485,402,278,203,214,236,244,273,246,356,260,242,221,171,117,53,62,28,10,1,8,23
"R",0,2,10,14,5,10,4,124,2,4,29,233,193,84,242,23,686,18,23,438,103,86,122,6,11,9,3,2,6,6,3,13,21,14,18,4,277,412,386,388,302,3492,207,1824,184,483,906,1464,176,180,108,464,229,424,40,920,364,413,132,35,31,47,13,20,234,412,66,28,23,184,1855,15,771,324,190,1777,14,734,293,161,38,16,120,395,140,267,112,400,284,51,690,153,535,13,19,115,562,797,445,1061,378,3228,608,986,971,737,466,282,235,197,151,109,49,45,25,24,17,14,11,8,2,2,1,0,2,1,0,0,0,0,0,0,0,0
"N",0,5,4,1,4,1,81,0,0,3,0,1,0,0,7,1,1,0,1,0,0,0,3,4,11,3,4,37,190,226,13,30,230,269,947,67,565,187,401,145,107,126,416,26,34,13,6,16,51,62,369,598,116,968,444,1014,1166,761,772,1382,2157,732,2175,374,2127,502,495,702,447,86,60,216,624,53,100,91,106,1902,217,279,1797,587,431,813,208,286,82,57,33,758,644,131,115,33,8,29,49,116,100,93,76,144,164,158,225,219,194,170,160,112,72,41,37,14,12,10,3,5,1,0,0,0,2,0,0,0,0,0,0,0,0,0,0,0
"D",8,1,0,0,278,4,1,45,23,108,2,23,2,388,5,19,4,1,0,5,3,5,5,0,5,3,4,7,11,55,477,146,498,126,1499,18,190,350,306,131,51,36,11,14,5,409,6,14,55,222,98,244,156,682,144,451,1109,652,1261,424,446,421,259,445,270,1907,135,308,23,232,268,906,867,401,1153,182,3435,72,807,1364,414,161,47,31,22,23,209,602,816,897,399,1207,221,3671,248,831,1091,614,379,270,294,371,697,720,812,868,927,966,902,929,819,815,758,551,495,334,220,127,70,33,11,84,3,0,0,0,0,0,0,0,0,0,0,0
"C",0,0,0,0,0,0,0,0,0,0,1,1,0,26,1,4,17,2,10,43,640,1237,353,1212,167,4389,59,65,1120,338,187,40,16,24,15,19,10,19,9,26,2,8,4,6,1,1,1,1,0,0,6,9,1,2,1,13,2,5,10,1,11,2,1,6,3,3,4,5,3,9,0,5,0,1,1,3,2,3,3,1,3,2,0,8,2,4,4,6,3,0,3,5,22,238,758,851,368,1178,216,3539,104,798,1020,477,190,91,70,60,60,43,24,39,27,20,9,12,9,5,3,0,0,0,0,1,1,0,0,0,0,0,0,0,0,0
"Q",403,556,1535,696,3630,1259,3699,1518,1882,2483,337,953,1050,364,395,407,1337,32,12,185,15,31,419,102,46,9,11,5,1,7,2,18,0,29,16,14,38,630,1324,364,1222,521,4577,292,638,770,2113,351,59,545,136,200,52,136,22,27,21,29,10,18,122,634,99,374,83,634,216,29,151,65,72,360,15,175,23,266,379,28,28,27,297,813,244,932,625,3598,57,755,739,175,133,33,34,31,49,10,18,23,23,23,31,26,222,96,105,179,214,285,332,515,635,691,696,855,737,726,721,510,439,272,171,91,53,22,12,82,0,0,0,0,0,0,0,0
"E",323,61,13,37,2610,395,107,683,541,3564,353,1327,745,1945,118,42,703,224,143,170,7,34,12,9,9,8,144,7,1,142,46,202,74,26,103,44,62,15,272,29,66,95,90,320,629,2739,365,1190,613,4453,221,147,745,1299,412,244,70,75,155,78,713,211,278,590,390,1492,30,212,373,159,32,49,45,11,35,7,145,9,18,46,138,569,132,296,25,558,74,439,935,465,1189,182,3628,59,769,1005,290,219,139,109,236,131,390,229,161,208,144,120,104,86,64,30,27,21,14,8,4,6,4,2,1,0,0,0,0,0,0,0,0,0,0,0,0,0
"G",0,0,21,25,23,55,641,1482,618,1448,205,4264,2464,2623,1998,716,1730,304,4237,2220,69,723,263,212,674,1270,375,1226,180,4284,174,399,1474,397,335,70,1198,49,284,224,614,1344,873,1758,478,3315,232,3524,1670,952,2171,546,2802,808,903,2072,1435,3429,1918,1934,693,253,1016,691,613,710,254,961,173,2683,54,579,515,173,133,57,16,12,13,8,10,4,9,12,4,6,10,17,11,4,9,5,19,25,27,48,64,405,393,511,604,695,1021,1434,1100,1354,1480,1434,1537,1531,1729,1795,1975,1816,2022,1868,1613,1515,1060,863,518,352,170,91,139,16,111,1,0,0,0,0,0,0
"H",0,11,37,9,37,3,246,3,2,35,5,9,2,0,0,0,0,0,0,0,0,0,0,1,1,0,0,0,2,4,7,9,22,390,588,380,568,45,1385,22,357,604,342,192,146,28,204,30,19,52,105,64,20,58,9,348,26,32,215,75,53,109,116,5,138,31,20,5,7,3,13,1,0,3,3,3,6,1,32,30,7,15,3,27,40,87,6,7,296,5,5,3,0,1,2,3,33,40,68,119,52,47,398,94,97,93,101,60,74,45,44,35,25,10,9,10,4,3,0,2,2,0,0,0,1,0,0,0,0,0,0,0,0,0
"I",0,0,0,0,0,0,0,2,6,0,0,1,1,1,0,2,0,152,204,719,57,472,93,142,25,34,98,96,95,79,194,23,193,248,200,929,159,921,44,13,127,104,47,46,322,285,379,883,364,1826,1335,2255,1200,230,4907,319,244,792,700,376,70,622,156,215,41,69,71,256,486,60,127,163,299,1782,407,687,636,193,102,9,17,125,25,329,24,22,38,15,18,10,235,222,32,64,74,28,203,61,364,136,110,253,141,164,240,142,171,95,62,33,21,20,7,7,4,2,3,1,2,3,1,0,1,1,0,0,0,0,0,0,0,0,0,0
"L",7,29,594,1155,343,1169,174,3606,125,697,2288,685,1397,204,4420,96,346,1343,814,513,287,2789,89,3836,431,132,1010,420,483,25,11,41,36,41,20,227,66,97,3,44,12,15,44,633,1267,374,1401,529,4306,79,215,989,617,402,112,136,327,113,20,39,13,128,213,14,130,206,370,195,362,858,577,1183,171,1796,70,222,356,316,191,298,156,512,2872,595,4245,1098,2936,1922,462,4718,319,927,730,323,171,59,270,101,159,159,232,202,382,387,417,434,353,349,295,261,288,282,363,476,568,523,651,603,516,480,423,266,173,139,59,22,10,9,24,33,0,0,0,0
"K",1,121,132,115,296,62,1330,19,352,201,112,450,697,286,967,146,2330,443,1065,913,1410,577,4844,331,1075,857,2068,198,92,418,321,216,47,20,28,40,679,865,423,1204,170,2069,1011,138,1103,338,2730,93,55,114,84,496,59,46,13,16,22,719,154,116,526,415,1115,847,2041,1184,3826,688,4603,1071,3226,873,787,1647,923,995,246,1392,106,2064,831,494,385,222,47,73,30,52,256,183,1156,21,217,8,7,100,151,94,44,40,67,97,98,93,71,98,68,52,55,45,45,33,37,33,19,20,14,11,9,3,5,1,0,0,0,1,0,0,0,0,0,0,0,0
"M",0,30,15,49,39,15,383,8,313,15,17,64,80,60,10,108,103,35,99,188,42,484,15,301,12,10,53,56,18,6,13,16,238,743,166,850,165,3535,157,39,770,175,140,38,21,15,38,34,40,36,17,23,4,250,14,292,20,6,2,9,0,1,88,84,14,2,5,139,16,17,16,22,11,7,13,7,48,5,30,370,970,618,1022,372,1853,64,1801,361,956,81,141,79,23,17,11,15,1436,25,230,35,48,60,75,82,125,146,174,171,204,208,233,261,195,206,140,78,55,36,18,7,25,0,0,0,0,0,0,0,0,0,0,0,0,0
"F",0,0,0,0,0,4,0,0,0,0,0,0,0,0,3,1,1,4,0,0,2,17,1,22,21,278,440,498,1037,290,3582,182,4421,588,50,592,262,68,151,38,22,11,10,7,12,11,13,302,35,12,63,86,65,315,51,46,15,29,55,22,17,131,548,885,352,1205,211,1858,82,56,721,2061,145,880,17,27,37,236,487,208,21,33,23,345,23,255,262,191,15,18,31,4,15,129,111,130,464,124,545,77,122,216,330,250,405,442,504,521,675,605,585,573,433,344,202,178,80,36,11,10,63,0,0,0,2,0,0,0,0,0,0,0,0,0
"P",0,0,2,1,3,137,164,314,1019,108,1346,115,780,1458,470,1699,319,4366,83,78,1161,346,212,45,43,24,26,24,36,42,15,30,20,168,44,22,23,32,149,733,816,246,941,388,4035,36,78,609,798,167,66,385,876,344,1210,171,1866,76,66,741,301,198,62,133,1124,34,32,27,511,163,108,22,43,20,30,18,106,61,52,20,19,109,69,13,12,17,4,5,6,12,11,5,3,4,16,2,16,52,84,98,138,161,345,303,284,244,267,248,190,152,141,101,51,37,24,26,7,10,9,6,4,5,5,2,1,2,0,0,0,0,1,0,0,0
"S",0,1,2,11,43,505,1099,287,1015,136,3490,77,81,1135,706,863,1289,719,1634,889,5289,847,1669,1771,5869,966,1595,1597,4537,1163,867,1397,1011,2616,3216,187,336,605,2055,731,126,323,112,798,114,246,78,103,82,203,98,165,290,482,737,2304,1676,937,2427,2179,1677,546,414,746,537,166,1198,635,1158,1410,112,231,587,1045,3242,2260,3063,1640,3174,2051,2599,1044,2367,2053,1567,1174,1719,3933,3439,1557,1734,4873,1538,391,2552,359,494,563,492,320,401,537,664,647,686,762,748,742,650,544,474,380,409,498,614,752,1066,1325,1557,1650,1806,1811,1718,1671,1406,1110,857,593,370,184,94,41,115,87
"T",0,0,1,2,2,7,8,55,19,148,11,2,187,6,53,41,41,27,76,365,417,227,571,309,310,98,624,1271,1053,2376,412,5222,301,2255,767,284,832,499,361,202,161,138,127,1263,332,29,49,129,58,28,14,19,107,755,114,246,897,850,402,1217,577,3074,407,829,870,329,1131,405,1054,818,2061,562,4686,355,2702,1130,844,2528,792,1495,932,3442,190,83,778,777,1223,734,1476,664,2096,390,266,1266,2405,396,825,771,631,608,534,264,451,553,613,444,449,492,553,662,789,1108,1453,1690,1969,2347,2377,2345,2522,2111,1899,1597,1131,858,510,354,162,188,88,13,109,0,0,0
"W",0,0,0,0,0,0,0,0,0,1,0,5,0,1,1,0,0,0,1,0,0,0,1,0,2,1,0,0,2,2,15,227,264,176,1138,1397,1817,1213,191,4645,223,402,774,583,390,658,1278,381,1236,252,4582,559,88,828,474,362,219,42,51,16,142,144,14,25,11,5,4,6,3,5,3,0,0,3,1,1,1,0,0,1,1,0,0,0,0,1,2,1,0,3,2,0,1,4,4,13,6,36,69,98,149,124,251,317,418,531,611,872,988,1035,1029,1220,1060,1020,974,688,591,374,282,144,74,29,13,108,0,0,0,0,0,0,0,0,0,0
"Y",0,0,0,0,0,0,1,0,0,0,2,0,0,0,0,0,0,2,1,1,1,1,3,9,37,393,834,281,1034,179,2604,1330,634,1517,707,4085,862,59,749,791,434,145,43,29,13,23,17,20,63,194,236,398,186,1489,317,919,393,779,1020,1191,1899,1866,2333,3686,389,944,1156,454,166,60,25,29,18,23,26,41,56,62,407,869,366,1204,173,3322,60,850,782,314,156,84,29,342,1022,1540,1146,1442,918,3761,3341,1282,2421,2104,1544,1564,1947,1936,2024,2036,1961,1906,1802,1386,1222,1042,751,563,337,211,123,92,25,12,77,1,1,0,0,0,0,0,0,0,0,0
"V",634,1212,383,1391,320,4430,142,569,3195,485,748,1375,465,1188,202,3910,488,953,1306,1408,362,1949,279,570,747,349,307,91,21,57,265,127,239,283,47,599,1219,370,1097,182,4376,109,219,875,248,190,84,23,259,522,58,2285,35,152,49,28,80,40,59,16,33,6,36,7,22,12,7,1552,4,721,169,669,141,531,54,1193,276,379,332,190,116,54,53,64,265,45,198,13,15,27,36,368,1178,436,1139,170,1742,84,114,716,361,255,484,269,339,378,451,403,378,412,428,547,634,814,902,1200,1296,1556,1475,1678,1566,1415,1390,949,807,490,332,161,87,106,13,110,0,0
"U",0,0,0,0,0,0,0,0,0,0,0,0,0,0,0,0,0,0,0,0,0,0,0,0,0,0,0,0,0,0,0,0,0,0,0,0,0,0,0,0,0,0,0,0,0,0,0,0,0,0,0,0,0,0,0,0,0,0,0,0,0,0,0,0,0,0,0,0,0,0,0,0,0,0,0,0,0,0,0,0,0,0,0,0,0,0,0,0,0,0,0,0,0,0,0,0,0,0,0,0,0,0,0,0,0,0,0,0,0,0,0,0,0,0,0,0,0,0,0,0,0,0,0,0,0,0,0,0,0,0,0,0,0,0
"O",0,0,0,0,0,0,0,0,0,0,0,0,0,0,0,0,0,0,0,0,0,0,0,0,0,0,0,0,0,0,0,0,0,0,0,0,0,0,0,0,0,0,0,0,0,0,0,0,0,0,0,0,0,0,0,0,0,0,0,0,0,0,0,0,0,0,0,0,0,0,0,0,0,0,0,0,0,0,0,0,0,0,0,0,0,0,0,0,0,0,0,0,0,0,0,0,0,0,0,0,0,0,0,0,0,0,0,0,0,0,0,0,0,0,0,0,0,0,0,0,0,0,0,0,0,0,0,0,0,0,0,0,0,0
"B",0,0,0,0,0,0,0,0,0,0,0,0,0,0,0,0,0,0,0,0,0,0,0,0,0,0,0,0,0,0,0,0,0,0,0,0,0,0,0,0,0,0,0,0,0,0,0,0,0,0,0,0,0,0,0,0,0,0,0,0,0,0,0,0,0,0,0,0,0,0,0,0,0,0,0,0,0,0,0,0,0,0,0,0,0,0,0,0,0,0,0,0,0,0,0,0,0,0,0,0,0,0,0,0,0,0,0,0,0,0,0,0,0,0,0,0,0,0,0,0,0,0,0,0,0,0,0,0,0,0,0,0,0,0
"J",0,0,0,0,0,0,0,0,0,0,0,0,0,0,0,0,0,0,0,0,0,0,0,0,0,0,0,0,0,0,0,0,0,0,0,0,0,0,0,0,0,0,0,0,0,0,0,0,0,0,0,0,0,0,0,0,0,0,0,0,0,0,0,0,0,0,0,0,0,0,0,0,0,0,0,0,0,0,0,0,0,0,0,0,0,0,0,0,0,0,0,0,0,0,0,0,0,0,0,0,0,0,0,0,0,0,0,0,0,0,0,0,0,0,0,0,0,0,0,0,0,0,0,0,0,0,0,0,0,0,0,0,0,0
"Z",0,0,0,0,0,0,0,0,0,0,0,0,0,0,0,0,0,0,0,0,0,0,0,0,0,0,0,0,0,0,0,0,0,0,0,0,0,0,0,0,0,0,0,0,0,0,0,0,0,0,0,0,0,0,0,0,0,0,0,0,0,0,0,0,0,0,0,0,0,0,0,0,0,0,0,0,0,0,0,0,0,0,0,0,0,0,0,0,0,0,0,0,0,0,0,0,0,0,0,0,0,0,0,0,0,0,0,0,0,0,0,0,0,0,0,0,0,0,0,0,0,0,0,0,0,0,0,0,0,0,0,0,0,0
"X",0,0,0,0,0,0,0,0,0,0,0,0,0,0,0,0,0,0,0,0,0,0,0,0,0,0,0,0,0,0,0,0,0,0,0,0,0,0,0,0,0,0,0,0,0,0,0,0,0,0,0,0,0,0,0,0,0,0,0,0,0,0,0,0,0,0,0,0,0,0,0,0,0,0,0,0,0,0,0,0,0,0,0,0,0,0,0,0,0,0,0,0,0,0,0,0,0,0,0,0,0,0,0,0,0,0,0,0,0,0,0,0,0,0,0,0,0,0,0,0,0,0,0,0,0,0,0,0,0,0,0,0,0,0
"*",0,0,0,0,0,0,0,0,0,0,0,0,0,0,0,0,0,0,0,0,0,0,0,0,0,0,0,0,0,0,0,0,0,0,0,0,0,0,0,0,0,0,0,0,0,0,0,0,0,0,0,0,0,0,0,0,0,0,0,0,0,0,0,0,0,0,0,0,0,0,0,0,0,0,0,0,0,0,0,0,0,0,0,0,0,0,0,0,0,0,0,0,0,0,0,0,0,0,0,0,0,0,0,0,0,0,0,0,0,0,0,0,0,0,0,0,0,0,0,0,0,0,0,0,0,0,0,0,0,0,0,0,0,0
"-",8621,7968,7247,6490,2362,1935,1895,993,476,262,155,129,100,87,80,78,78,75,73,62,59,41,36,25,19,15,14,11,8,6,6,6,2,1,1,1,1,0,0,0,0,0,0,0,0,0,0,0,0,0,0,0,0,0,0,0,0,0,0,0,0,0,0,0,0,0,0,0,0,0,0,0,0,0,0,0,0,0,0,0,0,0,0,0,0,0,0,0,0,0,0,0,0,0,0,0,0,0,0,0,0,0,0,1,1,1,1,1,1,1,4,23,54,96,229,425,715,1068,1641,2360,3155,3976,5000,5912,6835,7748,8408,8992,9366,9633,9770,9845,9874,9887
"+",0,0,0,0,0,0,0,0,0,0,0,0,0,0,0,0,0,0,0,0,0,0,0,0,0,0,0,0,0,0,0,0,0,0,0,0,0,0,0,0,0,0,0,0,0,0,0,0,0,0,0,0,0,0,0,0,0,0,0,0,0,0,0,0,0,0,0,0,0,0,0,0,0,0,0,0,0,0,0,0,0,0,0,0,0,0,0,0,0,0,0,0,0,0,0,0,0,0,0,0,0,0,0,0,0,0,0,0,0,0,0,0,0,0,0,0,0,0,0,0,0,0,0,0,0,0,0,0,0,0,0,0,0,0
".",0,0,0,0,0,0,0,0,0,0,0,0,0,0,0,0,0,0,0,0,0,0,0,0,0,0,0,0,0,0,0,0,0,0,0,0,0,0,0,0,0,0,0,0,0,0,0,0,0,0,0,0,0,0,0,0,0,0,0,0,0,0,0,0,0,0,0,0,0,0,0,0,0,0,0,0,0,0,0,0,0,0,0,0,0,0,0,0,0,0,0,0,0,0,0,0,0,0,0,0,0,0,0,0,0,0,0,0,0,0,0,0,0,0,0,0,0,0,0,0,0,0,0,0,0,0,0,0,0,0,0,0,0,0
